username	base64_message_xor_key	date_time
jaroslav	PAcJPF8OAxJjGlEYPhkKCjNTRg4dCVxJf0QLD0F/ERxSJgQQC39UWUBBH0IWOlMRA0Z/FQoBLAoCHHE=	2023-05-02 14:47:27
jaroslav	VwNFN0IGAA94EQEWOhNLCTdCD1FdDwdCYXgGFFdjVw5MfxIKDH9RUVwSDQsLOxAaCUctWBwXPB4XHH9RX1ZXRQ==	2023-05-02 14:47:27
jaroslav	PAcJMxxDElo+DEgBfwoJFX9UX0ASBQ0ScRAwElMmWBsHMQ4BWTldQhJGAwdFMVUbEhI8EA4eMw4LHjpBHg==	2023-05-02 14:47:27
endlemar	PAcJPA5ZA0JjGlEXMQ8JHDJTQg4dCVxJfxVcDxF/ERxSJgQQC39UWUBBH0IWOgJGAxZ/FQoBLAoCHHE=	2023-05-02 14:47:27
endlemar	VwNFNxNRAF94EQEWOhNLCTdCD1FdDwdCYSlRFAdjVw5MfxIKDH9RUVwSDQsLO0FNCRctWBwXPB4XHH9RX1ZXRQ==	2023-05-02 14:47:27
endlemar	PAcJM00UEgo+DEgBfwoJFX9UX0ASBQ0ScUFnEgMmWBsHMQ4BWTldQhJGAwdFMQRMEkI8EA4eMw4LHjpBHg==	2023-05-02 14:47:27
haranfil	PAcJPAkIUxJjGlEaPhkEFzlbXA4dCVxJfxINX0F/ERxSJgQQC39UWUBBH0IWOgUXU0Z/FQoBLAoCHHE=	2023-05-02 14:47:27
haranfil	VwNFNxQAUA94EQEWOhNLCTdCD1FdDwdCYS4ARFdjVw5MfxIKDH9RUVwSDQsLO0YcWUctWBwXPB4XHH9RX1ZXRQ==	2023-05-02 14:47:27
haranfil	PAcJM0pFQlo+DEgBfwoJFX9UX0ASBQ0ScUY2QlMmWBsHMQ4BWTldQhJGAwdFMQMdQhI8EA4eMw4LHjpBHg==	2023-05-02 14:47:27
khakikir	PAcJPFxYUBljGlEZNwoOEDRbQg4dCVxJf0ddXEp/ERxSJgQQC39UWUBBH0IWOlBHUE1/FQoBLAoCHHE=	2023-05-02 14:47:27
khakikir	VwNFN0FQUwR4EQEWOhNLCTdCD1FdDwdCYXtQR1xjVw5MfxIKDH9RUVwSDQsLOxNMWkwtWBwXPB4XHH9RX1ZXRQ==	2023-05-02 14:47:27
khakikir	PAcJMx8VQVE+DEgBfwoJFX9UX0ASBQ0ScRNmQVgmWBsHMQ4BWTldQhJGAwdFMVZNQRk8EA4eMw4LHjpBHg==	2023-05-02 14:47:27
krejcosk	PAcJPF1YXBRjGlEZLQ4PGjBBWw4dCVxJf0ZdUEd/ERxSJgQQC39UWUBBH0IWOlFHXEB/FQoBLAoCHHE=	2023-05-02 14:47:27
krejcosk	VwNFN0BQXwl4EQEWOhNLCTdCD1FdDwdCYXpQS1FjVw5MfxIKDH9RUVwSDQsLOxJMVkEtWBwXPB4XHH9RX1ZXRQ==	2023-05-02 14:47:27
krejcosk	PAcJMx4VTVw+DEgBfwoJFX9UX0ASBQ0ScRJmTVUmWBsHMQ4BWTldQhJGAwdFMVdNTRQ8EA4eMw4LHjpBHg==	2023-05-02 14:47:27
skoudmar	PAcJPA4OXBFjGlEBNAQQHTJTQg4dCVxJfxULUEJ/ERxSJgQQC39UWUBBH0IWOgIRXEV/FQoBLAoCHHE=	2023-05-02 14:47:27
skoudmar	VwNFNxMGXwx4EQEWOhNLCTdCD1FdDwdCYSkGS1RjVw5MfxIKDH9RUVwSDQsLO0EaVkQtWBwXPB4XHH9RX1ZXRQ==	2023-05-02 14:47:27
skoudmar	PAcJM01DTVk+DEgBfwoJFX9UX0ASBQ0ScUEwTVAmWBsHMQ4BWTldQhJGAwdFMQQbTRE8EA4eMw4LHjpBHg==	2023-05-02 14:47:27
zampakry	PAcJPAsPXENjGlEIPgYVGDRASQ4dCVxJfxAKUBB/ERxSJgQQC39UWUBBH0IWOgcQXBd/FQoBLAoCHHE=	2023-05-02 14:47:27
zampakry	VwNFNxYHX154EQEWOhNLCTdCD1FdDwdCYSwHSwZjVw5MfxIKDH9RUVwSDQsLO0QbVhYtWBwXPB4XHH9RX1ZXRQ==	2023-05-02 14:47:27
zampakry	PAcJM0hCTQs+DEgBfwoJFX9UX0ASBQ0ScUQxTQImWBsHMQ4BWTldQhJGAwdFMQEaTUM8EA4eMw4LHjpBHg==	2023-05-02 14:47:27
macejp1	PAcJPFwPUUFjGlEfPggAEy8DDB1QVU5FK1sLR0E2C08LMB4XWTlbQkFGSxEAPEEHQEEyHRwBPgwAVw==	2023-05-02 14:47:27
macejp1	VwNFN0EHUlx4EQEWOhNLCTdCD1FdDwdCYXsHRgRjVw5MfxIKDH9RUVwSDQsLOxMbWxQtWBwXPB4XHH9RX1ZXRQ==	2023-05-02 14:47:27
macejp1	PAcJMx9CQAk+DEgBfwoJFX9UX0ASBQ0ScRMxQAAmWBsHMQ4BWTldQhJGAwdFMVYaQEE8EA4eMw4LHjpBHg==	2023-05-02 14:47:27
